{"cameraMode":{"drawMode":0,"name":"Shaded","section":"Shading Mode"},"sceneLighting":true,"audioPlay":false,"sceneViewState":{"showFog":true,"showMaterialUpdate":false,"showSkybox":true,"showFlares":true,"showImageEffects":true,"showParticleSystems":true},"in2DMode":false,"pivot":{"x":-0.2976948022842407,"y":2.700523614883423,"z":4.28525447845459},"rotation":{"x":-0.08865084499120712,"y":-0.038553137332201007,"z":0.0029898120556026699,"w":-0.9953851699829102},"size":13.565984725952149,"orthographic":false}